Question	Answer	Source	Metadata	SuggestedQuestions	IsContextOnly	Prompts	QnaId
คณะวิศวกรรมศาสตร์	คณะวิศวกรรมศาสตร์อยู่ใกล้วงเวียนใหญ่ ระหว่าง Sport Complex และ ตึก Bsc หรือ หอสมุดคุณหญิงหลง \nสามารถเข้าไปดู Website, Facebook เเละตำเเหน่งที่ตั้งในแผนที่ของคณะได้ที่นี่: \n[Website](https://www.eng.psu.ac.th/)\n[Facebook](https://www.facebook.com/ENGINEERINGPSU/?locale=th_TH)\n[แผนที่ตั้งของคณะ](https://maps.app.goo.gl/fj8tU1otMMKHsxx97)	Editorial	system_metadata_qna_edited_manually:true|category:location	[{"clusterHead":"คณะวิศวสะ","totalAutoSuggestedCount":1,"totalUserSuggestedCount":0,"alternateQuestionList":[{"question":"คณะวิศวสะ","autoSuggestedCount":1,"userSuggestedCount":0}]},{"clusterHead":"คณะวิศวกรรมศาสตร์อยู่ไหน","totalAutoSuggestedCount":0,"totalUserSuggestedCount":1,"alternateQuestionList":[{"question":"คณะวิศวกรรมศาสตร์อยู่ไหน","autoSuggestedCount":0,"userSuggestedCount":1}]},{"clusterHead":"คณะวิทยาการจัดการอยู่ตรงไหน","totalAutoSuggestedCount":2,"totalUserSuggestedCount":0,"alternateQuestionList":[{"question":"คณะวิทยาการจัดการอยู่ตรงไหน","autoSuggestedCount":2,"userSuggestedCount":0}]}]	False	[]	4
คณะวิศวกรรมศาสตร์ไปทางไหน	คณะวิศวกรรมศาสตร์อยู่ใกล้วงเวียนใหญ่ ระหว่าง Sport Complex และ ตึก Bsc หรือ หอสมุดคุณหญิงหลง \nสามารถเข้าไปดู Website, Facebook เเละตำเเหน่งที่ตั้งในแผนที่ของคณะได้ที่นี่: \n[Website](https://www.eng.psu.ac.th/)\n[Facebook](https://www.facebook.com/ENGINEERINGPSU/?locale=th_TH)\n[แผนที่ตั้งของคณะ](https://maps.app.goo.gl/fj8tU1otMMKHsxx97)	Editorial	system_metadata_qna_edited_manually:true|category:location	[{"clusterHead":"คณะวิศวสะ","totalAutoSuggestedCount":1,"totalUserSuggestedCount":0,"alternateQuestionList":[{"question":"คณะวิศวสะ","autoSuggestedCount":1,"userSuggestedCount":0}]},{"clusterHead":"คณะวิศวกรรมศาสตร์อยู่ไหน","totalAutoSuggestedCount":0,"totalUserSuggestedCount":1,"alternateQuestionList":[{"question":"คณะวิศวกรรมศาสตร์อยู่ไหน","autoSuggestedCount":0,"userSuggestedCount":1}]},{"clusterHead":"คณะวิทยาการจัดการอยู่ตรงไหน","totalAutoSuggestedCount":2,"totalUserSuggestedCount":0,"alternateQuestionList":[{"question":"คณะวิทยาการจัดการอยู่ตรงไหน","autoSuggestedCount":2,"userSuggestedCount":0}]}]	False	[]	4
คณะวิศวกรรมอยู่ที่ไหน	คณะวิศวกรรมศาสตร์อยู่ใกล้วงเวียนใหญ่ ระหว่าง Sport Complex และ ตึก Bsc หรือ หอสมุดคุณหญิงหลง \nสามารถเข้าไปดู Website, Facebook เเละตำเเหน่งที่ตั้งในแผนที่ของคณะได้ที่นี่: \n[Website](https://www.eng.psu.ac.th/)\n[Facebook](https://www.facebook.com/ENGINEERINGPSU/?locale=th_TH)\n[แผนที่ตั้งของคณะ](https://maps.app.goo.gl/fj8tU1otMMKHsxx97)	Editorial	system_metadata_qna_edited_manually:true|category:location	[{"clusterHead":"คณะวิศวสะ","totalAutoSuggestedCount":1,"totalUserSuggestedCount":0,"alternateQuestionList":[{"question":"คณะวิศวสะ","autoSuggestedCount":1,"userSuggestedCount":0}]},{"clusterHead":"คณะวิศวกรรมศาสตร์อยู่ไหน","totalAutoSuggestedCount":0,"totalUserSuggestedCount":1,"alternateQuestionList":[{"question":"คณะวิศวกรรมศาสตร์อยู่ไหน","autoSuggestedCount":0,"userSuggestedCount":1}]},{"clusterHead":"คณะวิทยาการจัดการอยู่ตรงไหน","totalAutoSuggestedCount":2,"totalUserSuggestedCount":0,"alternateQuestionList":[{"question":"คณะวิทยาการจัดการอยู่ตรงไหน","autoSuggestedCount":2,"userSuggestedCount":0}]}]	False	[]	4
คณะในมหาลัย	มหาวิทยาลัยสงขลานครินทร์มีทั้งหมด 18 คณะ/วิทยาลัย โดยสามารถแบ่งออกเป็น 4 หมวดหลักๆ ดังนี้ครับ:\n[รายละเอียดเพิ่มเติมที่นี่](https://www.psu.ac.th/?page=course&campus=01)	Editorial	system_metadata_qna_edited_manually:true|category:overview	[]	False	[{"DisplayOrder":0,"QnaId":83,"Qna":null,"DisplayText":"วิทยาศาสตร์สุขภาพ"},{"DisplayOrder":1,"QnaId":84,"Qna":null,"DisplayText":"วิทยาศาสตร์และเทคโนโลยี"},{"DisplayOrder":2,"QnaId":85,"Qna":null,"DisplayText":"มนุษยศาสตร์และสังคมศาสตร์"},{"DisplayOrder":3,"QnaId":117,"Qna":null,"DisplayText":"การบริหารและการจัดการ"},{"DisplayOrder":4,"QnaId":86,"Qna":null,"DisplayText":"อื่นๆ"}]	82
ม.อ. มีทั้งหมดกี่คณะ	มหาวิทยาลัยสงขลานครินทร์มีทั้งหมด 18 คณะ/วิทยาลัย โดยสามารถแบ่งออกเป็น 4 หมวดหลักๆ ดังนี้ครับ:\n[รายละเอียดเพิ่มเติมที่นี่](https://www.psu.ac.th/?page=course&campus=01)	Editorial	system_metadata_qna_edited_manually:true|category:overview	[]	False	[{"DisplayOrder":0,"QnaId":83,"Qna":null,"DisplayText":"วิทยาศาสตร์สุขภาพ"},{"DisplayOrder":1,"QnaId":84,"Qna":null,"DisplayText":"วิทยาศาสตร์และเทคโนโลยี"},{"DisplayOrder":2,"QnaId":85,"Qna":null,"DisplayText":"มนุษยศาสตร์และสังคมศาสตร์"},{"DisplayOrder":3,"QnaId":117,"Qna":null,"DisplayText":"การบริหารและการจัดการ"},{"DisplayOrder":4,"QnaId":86,"Qna":null,"DisplayText":"อื่นๆ"}]	82
มีคณะอะไรบ้าง	มหาวิทยาลัยสงขลานครินทร์มีทั้งหมด 18 คณะ/วิทยาลัย โดยสามารถแบ่งออกเป็น 4 หมวดหลักๆ ดังนี้ครับ:\n[รายละเอียดเพิ่มเติมที่นี่](https://www.psu.ac.th/?page=course&campus=01)	Editorial	system_metadata_qna_edited_manually:true|category:overview	[]	False	[{"DisplayOrder":0,"QnaId":83,"Qna":null,"DisplayText":"วิทยาศาสตร์สุขภาพ"},{"DisplayOrder":1,"QnaId":84,"Qna":null,"DisplayText":"วิทยาศาสตร์และเทคโนโลยี"},{"DisplayOrder":2,"QnaId":85,"Qna":null,"DisplayText":"มนุษยศาสตร์และสังคมศาสตร์"},{"DisplayOrder":3,"QnaId":117,"Qna":null,"DisplayText":"การบริหารและการจัดการ"},{"DisplayOrder":4,"QnaId":86,"Qna":null,"DisplayText":"อื่นๆ"}]	82
ม.อ.มีกี่คณะ	มหาวิทยาลัยสงขลานครินทร์มีทั้งหมด 18 คณะ/วิทยาลัย โดยสามารถแบ่งออกเป็น 4 หมวดหลักๆ ดังนี้ครับ:\n[รายละเอียดเพิ่มเติมที่นี่](https://www.psu.ac.th/?page=course&campus=01)	Editorial	system_metadata_qna_edited_manually:true|category:overview	[]	False	[{"DisplayOrder":0,"QnaId":83,"Qna":null,"DisplayText":"วิทยาศาสตร์สุขภาพ"},{"DisplayOrder":1,"QnaId":84,"Qna":null,"DisplayText":"วิทยาศาสตร์และเทคโนโลยี"},{"DisplayOrder":2,"QnaId":85,"Qna":null,"DisplayText":"มนุษยศาสตร์และสังคมศาสตร์"},{"DisplayOrder":3,"QnaId":117,"Qna":null,"DisplayText":"การบริหารและการจัดการ"},{"DisplayOrder":4,"QnaId":86,"Qna":null,"DisplayText":"อื่นๆ"}]	82
วิทยาศาสตร์สุขภาพ	หมวดวิทยาศาสตร์สุขภาพ ประกอบด้วย 7 คณะ ดังนี้:\n- คณะแพทยศาสตร์\n- คณะทันตแพทยศาสตร์\n- คณะพยาบาลศาสตร์\n- คณะเภสัชศาสตร์\n- คณะเทคนิคการแพทย์\n- คณะสัตวแพทยศาสตร์\n- คณะการแพทย์แผนไทย	Editorial	system_metadata_qna_edited_manually:true|category:program	[]	False	[]	83
วิทยาศาสตร์และเทคโนโลยี	หมวดวิทยาศาสตร์และเทคโนโลยี ประกอบด้วย 5 คณะ ดังนี้:\n- คณะวิศวกรรมศาสตร์\n- คณะวิทยาศาสตร์\n- คณะอุตสาหกรรมเกษตร\n- คณะทรัพยากรธรรมชาติ\n- คณะการจัดการสิ่งแวดล้อม	Editorial	system_metadata_qna_edited_manually:true|category:program	[]	False	[]	84
มนุษยศาสตร์และสังคมศาสตร์	หมวดมนุษยศาสตร์และสังคมศาสตร์ ประกอบด้วย 2 คณะ ดังนี้:\n- คณะนิติศาสตร์\n- คณะศิลปศาสตร์	Editorial	system_metadata_qna_edited_manually:true|category:program	[]	False	[]	85
บัณฑิตวิทยาลัยและนานาชาติ	หมวดนี้ประกอบด้วย:\n- บัณฑิตวิทยาลัย\n- วิทยาลัยนานาชาติ	Editorial	system_metadata_qna_edited_manually:true|category:program	[]	False	[]	86
สิ่งอำนวยความสะดวกในมหาลัย	ภายในมหาวิทยาลัยมีสิ่งอำนวยความสะดวกหลัก เช่น \n- รถรับส่งภายในมหาวิทยาลัย \n- ห้องสมุด \n- โรงอาหารและร้านกาแฟ \n- ศูนย์กีฬาและสุขภาพ \n- ศูนย์คอมพิวเตอร์และ Wi-Fi \n- ธนาคารและตู้ ATM \n- ไปรษณีย์\n	Editorial	system_metadata_qna_edited_manually:true	[]	False	[]	87
เปิดเทอม	ภาคการศึกษาที่ 2568 จะเริ่มเรียนในวันที่ 23 มิถุนายน พ.ศ. 2568 ครับ ส่วนภาคการศึกษาอื่นๆ สามารถดูในปฏิทินการศึกษาฉบับเต็มได้ที่: https://reg.psu.ac.th/calendar_education/	Editorial	system_metadata_qna_edited_manually:true	[{"clusterHead":"การศึกษา","totalAutoSuggestedCount":1,"totalUserSuggestedCount":0,"alternateQuestionList":[{"question":"การศึกษา","autoSuggestedCount":1,"userSuggestedCount":0}]}]	False	[]	88
เปิดเทอมวันไหน	ภาคการศึกษาที่ 2568 จะเริ่มเรียนในวันที่ 23 มิถุนายน พ.ศ. 2568 ครับ ส่วนภาคการศึกษาอื่นๆ สามารถดูในปฏิทินการศึกษาฉบับเต็มได้ที่: https://reg.psu.ac.th/calendar_education/	Editorial	system_metadata_qna_edited_manually:true	[{"clusterHead":"การศึกษา","totalAutoSuggestedCount":1,"totalUserSuggestedCount":0,"alternateQuestionList":[{"question":"การศึกษา","autoSuggestedCount":1,"userSuggestedCount":0}]}]	False	[]	88
เปิดเทอมวันไหน?	ภาคการศึกษาที่ 2568 จะเริ่มเรียนในวันที่ 23 มิถุนายน พ.ศ. 2568 ครับ ส่วนภาคการศึกษาอื่นๆ สามารถดูในปฏิทินการศึกษาฉบับเต็มได้ที่: https://reg.psu.ac.th/calendar_education/	Editorial	system_metadata_qna_edited_manually:true	[{"clusterHead":"การศึกษา","totalAutoSuggestedCount":1,"totalUserSuggestedCount":0,"alternateQuestionList":[{"question":"การศึกษา","autoSuggestedCount":1,"userSuggestedCount":0}]}]	False	[]	88
เปิดเรียนวันไหน	ภาคการศึกษาที่ 2568 จะเริ่มเรียนในวันที่ 23 มิถุนายน พ.ศ. 2568 ครับ ส่วนภาคการศึกษาอื่นๆ สามารถดูในปฏิทินการศึกษาฉบับเต็มได้ที่: https://reg.psu.ac.th/calendar_education/	Editorial	system_metadata_qna_edited_manually:true	[{"clusterHead":"การศึกษา","totalAutoSuggestedCount":1,"totalUserSuggestedCount":0,"alternateQuestionList":[{"question":"การศึกษา","autoSuggestedCount":1,"userSuggestedCount":0}]}]	False	[]	88
เปิดเรียนวันไหนคะ	ภาคการศึกษาที่ 2568 จะเริ่มเรียนในวันที่ 23 มิถุนายน พ.ศ. 2568 ครับ ส่วนภาคการศึกษาอื่นๆ สามารถดูในปฏิทินการศึกษาฉบับเต็มได้ที่: https://reg.psu.ac.th/calendar_education/	Editorial	system_metadata_qna_edited_manually:true	[{"clusterHead":"การศึกษา","totalAutoSuggestedCount":1,"totalUserSuggestedCount":0,"alternateQuestionList":[{"question":"การศึกษา","autoSuggestedCount":1,"userSuggestedCount":0}]}]	False	[]	88
เปิดเรียนวันไหนครับ	ภาคการศึกษาที่ 2568 จะเริ่มเรียนในวันที่ 23 มิถุนายน พ.ศ. 2568 ครับ ส่วนภาคการศึกษาอื่นๆ สามารถดูในปฏิทินการศึกษาฉบับเต็มได้ที่: https://reg.psu.ac.th/calendar_education/	Editorial	system_metadata_qna_edited_manually:true	[{"clusterHead":"การศึกษา","totalAutoSuggestedCount":1,"totalUserSuggestedCount":0,"alternateQuestionList":[{"question":"การศึกษา","autoSuggestedCount":1,"userSuggestedCount":0}]}]	False	[]	88
เปิดเทอมกี่โมง	ภาคการศึกษาที่ 2568 จะเริ่มเรียนในวันที่ 23 มิถุนายน พ.ศ. 2568 ครับ ส่วนภาคการศึกษาอื่นๆ สามารถดูในปฏิทินการศึกษาฉบับเต็มได้ที่: https://reg.psu.ac.th/calendar_education/	Editorial	system_metadata_qna_edited_manually:true	[{"clusterHead":"การศึกษา","totalAutoSuggestedCount":1,"totalUserSuggestedCount":0,"alternateQuestionList":[{"question":"การศึกษา","autoSuggestedCount":1,"userSuggestedCount":0}]}]	False	[]	88
เทอมนี้เริ่มเรียนเมื่อไหร่	ภาคการศึกษาที่ 2568 จะเริ่มเรียนในวันที่ 23 มิถุนายน พ.ศ. 2568 ครับ ส่วนภาคการศึกษาอื่นๆ สามารถดูในปฏิทินการศึกษาฉบับเต็มได้ที่: https://reg.psu.ac.th/calendar_education/	Editorial	system_metadata_qna_edited_manually:true	[{"clusterHead":"การศึกษา","totalAutoSuggestedCount":1,"totalUserSuggestedCount":0,"alternateQuestionList":[{"question":"การศึกษา","autoSuggestedCount":1,"userSuggestedCount":0}]}]	False	[]	88
วันเเรกของการเรียนคือวันไหน	ภาคการศึกษาที่ 2568 จะเริ่มเรียนในวันที่ 23 มิถุนายน พ.ศ. 2568 ครับ ส่วนภาคการศึกษาอื่นๆ สามารถดูในปฏิทินการศึกษาฉบับเต็มได้ที่: https://reg.psu.ac.th/calendar_education/	Editorial	system_metadata_qna_edited_manually:true	[{"clusterHead":"การศึกษา","totalAutoSuggestedCount":1,"totalUserSuggestedCount":0,"alternateQuestionList":[{"question":"การศึกษา","autoSuggestedCount":1,"userSuggestedCount":0}]}]	False	[]	88
เริ่มเรียนวันไหน	ภาคการศึกษาที่ 2568 จะเริ่มเรียนในวันที่ 23 มิถุนายน พ.ศ. 2568 ครับ ส่วนภาคการศึกษาอื่นๆ สามารถดูในปฏิทินการศึกษาฉบับเต็มได้ที่: https://reg.psu.ac.th/calendar_education/	Editorial	system_metadata_qna_edited_manually:true	[{"clusterHead":"การศึกษา","totalAutoSuggestedCount":1,"totalUserSuggestedCount":0,"alternateQuestionList":[{"question":"การศึกษา","autoSuggestedCount":1,"userSuggestedCount":0}]}]	False	[]	88
เปิดภาคเรียนวันไหน	ภาคการศึกษาที่ 2568 จะเริ่มเรียนในวันที่ 23 มิถุนายน พ.ศ. 2568 ครับ ส่วนภาคการศึกษาอื่นๆ สามารถดูในปฏิทินการศึกษาฉบับเต็มได้ที่: https://reg.psu.ac.th/calendar_education/	Editorial	system_metadata_qna_edited_manually:true	[{"clusterHead":"การศึกษา","totalAutoSuggestedCount":1,"totalUserSuggestedCount":0,"alternateQuestionList":[{"question":"การศึกษา","autoSuggestedCount":1,"userSuggestedCount":0}]}]	False	[]	88
มหาลัยเปิดเรียนเมื่อไหร่	ภาคการศึกษาที่ 2568 จะเริ่มเรียนในวันที่ 23 มิถุนายน พ.ศ. 2568 ครับ ส่วนภาคการศึกษาอื่นๆ สามารถดูในปฏิทินการศึกษาฉบับเต็มได้ที่: https://reg.psu.ac.th/calendar_education/	Editorial	system_metadata_qna_edited_manually:true	[{"clusterHead":"การศึกษา","totalAutoSuggestedCount":1,"totalUserSuggestedCount":0,"alternateQuestionList":[{"question":"การศึกษา","autoSuggestedCount":1,"userSuggestedCount":0}]}]	False	[]	88
ปิดเทอม	สำหรับภาคการศึกษาปี 2568 นะครับ\n- ภาคการศึกษาที่ 1 จะปิดภาคการศึกษาตั้งแต่วันที่ 27 ตุลาคม 2568 \n- ภาคการศึกษาที่ 2 จะปิดภาคการศึกษาตั้งแต่วันที่ 21 มีนาคม 2569 \n- ภาคฤดูร้อนจะปิดตั้งแต่วันที่ 7 มิถุนายน 2569\nสามารถเข้าดูปฏิทินการศึกษาฉบับเต็มได้ที่: https://reg.psu.ac.th/calendar_education/	Editorial	system_metadata_qna_edited_manually:true	[{"clusterHead":"การศึกษา","totalAutoSuggestedCount":1,"totalUserSuggestedCount":0,"alternateQuestionList":[{"question":"การศึกษา","autoSuggestedCount":1,"userSuggestedCount":0}]}]	False	[]	89
ปิดเทอมวันไหน	สำหรับภาคการศึกษาปี 2568 นะครับ\n- ภาคการศึกษาที่ 1 จะปิดภาคการศึกษาตั้งแต่วันที่ 27 ตุลาคม 2568 \n- ภาคการศึกษาที่ 2 จะปิดภาคการศึกษาตั้งแต่วันที่ 21 มีนาคม 2569 \n- ภาคฤดูร้อนจะปิดตั้งแต่วันที่ 7 มิถุนายน 2569\nสามารถเข้าดูปฏิทินการศึกษาฉบับเต็มได้ที่: https://reg.psu.ac.th/calendar_education/	Editorial	system_metadata_qna_edited_manually:true	[{"clusterHead":"การศึกษา","totalAutoSuggestedCount":1,"totalUserSuggestedCount":0,"alternateQuestionList":[{"question":"การศึกษา","autoSuggestedCount":1,"userSuggestedCount":0}]}]	False	[]	89
ปิดเทอมกี่โมง	สำหรับภาคการศึกษาปี 2568 นะครับ\n- ภาคการศึกษาที่ 1 จะปิดภาคการศึกษาตั้งแต่วันที่ 27 ตุลาคม 2568 \n- ภาคการศึกษาที่ 2 จะปิดภาคการศึกษาตั้งแต่วันที่ 21 มีนาคม 2569 \n- ภาคฤดูร้อนจะปิดตั้งแต่วันที่ 7 มิถุนายน 2569\nสามารถเข้าดูปฏิทินการศึกษาฉบับเต็มได้ที่: https://reg.psu.ac.th/calendar_education/	Editorial	system_metadata_qna_edited_manually:true	[{"clusterHead":"การศึกษา","totalAutoSuggestedCount":1,"totalUserSuggestedCount":0,"alternateQuestionList":[{"question":"การศึกษา","autoSuggestedCount":1,"userSuggestedCount":0}]}]	False	[]	89
ปิดเทอมเมื่อไร	สำหรับภาคการศึกษาปี 2568 นะครับ\n- ภาคการศึกษาที่ 1 จะปิดภาคการศึกษาตั้งแต่วันที่ 27 ตุลาคม 2568 \n- ภาคการศึกษาที่ 2 จะปิดภาคการศึกษาตั้งแต่วันที่ 21 มีนาคม 2569 \n- ภาคฤดูร้อนจะปิดตั้งแต่วันที่ 7 มิถุนายน 2569\nสามารถเข้าดูปฏิทินการศึกษาฉบับเต็มได้ที่: https://reg.psu.ac.th/calendar_education/	Editorial	system_metadata_qna_edited_manually:true	[{"clusterHead":"การศึกษา","totalAutoSuggestedCount":1,"totalUserSuggestedCount":0,"alternateQuestionList":[{"question":"การศึกษา","autoSuggestedCount":1,"userSuggestedCount":0}]}]	False	[]	89
ปิดเทอมเมื่อไหร่	สำหรับภาคการศึกษาปี 2568 นะครับ\n- ภาคการศึกษาที่ 1 จะปิดภาคการศึกษาตั้งแต่วันที่ 27 ตุลาคม 2568 \n- ภาคการศึกษาที่ 2 จะปิดภาคการศึกษาตั้งแต่วันที่ 21 มีนาคม 2569 \n- ภาคฤดูร้อนจะปิดตั้งแต่วันที่ 7 มิถุนายน 2569\nสามารถเข้าดูปฏิทินการศึกษาฉบับเต็มได้ที่: https://reg.psu.ac.th/calendar_education/	Editorial	system_metadata_qna_edited_manually:true	[{"clusterHead":"การศึกษา","totalAutoSuggestedCount":1,"totalUserSuggestedCount":0,"alternateQuestionList":[{"question":"การศึกษา","autoSuggestedCount":1,"userSuggestedCount":0}]}]	False	[]	89
ปิดเทอมตอนไหน	สำหรับภาคการศึกษาปี 2568 นะครับ\n- ภาคการศึกษาที่ 1 จะปิดภาคการศึกษาตั้งแต่วันที่ 27 ตุลาคม 2568 \n- ภาคการศึกษาที่ 2 จะปิดภาคการศึกษาตั้งแต่วันที่ 21 มีนาคม 2569 \n- ภาคฤดูร้อนจะปิดตั้งแต่วันที่ 7 มิถุนายน 2569\nสามารถเข้าดูปฏิทินการศึกษาฉบับเต็มได้ที่: https://reg.psu.ac.th/calendar_education/	Editorial	system_metadata_qna_edited_manually:true	[{"clusterHead":"การศึกษา","totalAutoSuggestedCount":1,"totalUserSuggestedCount":0,"alternateQuestionList":[{"question":"การศึกษา","autoSuggestedCount":1,"userSuggestedCount":0}]}]	False	[]	89
วันปิดภาคเรียนวันไหน	สำหรับภาคการศึกษาปี 2568 นะครับ\n- ภาคการศึกษาที่ 1 จะปิดภาคการศึกษาตั้งแต่วันที่ 27 ตุลาคม 2568 \n- ภาคการศึกษาที่ 2 จะปิดภาคการศึกษาตั้งแต่วันที่ 21 มีนาคม 2569 \n- ภาคฤดูร้อนจะปิดตั้งแต่วันที่ 7 มิถุนายน 2569\nสามารถเข้าดูปฏิทินการศึกษาฉบับเต็มได้ที่: https://reg.psu.ac.th/calendar_education/	Editorial	system_metadata_qna_edited_manually:true	[{"clusterHead":"การศึกษา","totalAutoSuggestedCount":1,"totalUserSuggestedCount":0,"alternateQuestionList":[{"question":"การศึกษา","autoSuggestedCount":1,"userSuggestedCount":0}]}]	False	[]	89
เทอมนี้ปิดวันไหน	สำหรับภาคการศึกษาปี 2568 นะครับ\n- ภาคการศึกษาที่ 1 จะปิดภาคการศึกษาตั้งแต่วันที่ 27 ตุลาคม 2568 \n- ภาคการศึกษาที่ 2 จะปิดภาคการศึกษาตั้งแต่วันที่ 21 มีนาคม 2569 \n- ภาคฤดูร้อนจะปิดตั้งแต่วันที่ 7 มิถุนายน 2569\nสามารถเข้าดูปฏิทินการศึกษาฉบับเต็มได้ที่: https://reg.psu.ac.th/calendar_education/	Editorial	system_metadata_qna_edited_manually:true	[{"clusterHead":"การศึกษา","totalAutoSuggestedCount":1,"totalUserSuggestedCount":0,"alternateQuestionList":[{"question":"การศึกษา","autoSuggestedCount":1,"userSuggestedCount":0}]}]	False	[]	89
วันสิ้นสุดการเรียนคือวันไหน	สำหรับภาคการศึกษาปี 2568 นะครับ\n- ภาคการศึกษาที่ 1 จะปิดภาคการศึกษาตั้งแต่วันที่ 27 ตุลาคม 2568 \n- ภาคการศึกษาที่ 2 จะปิดภาคการศึกษาตั้งแต่วันที่ 21 มีนาคม 2569 \n- ภาคฤดูร้อนจะปิดตั้งแต่วันที่ 7 มิถุนายน 2569\nสามารถเข้าดูปฏิทินการศึกษาฉบับเต็มได้ที่: https://reg.psu.ac.th/calendar_education/	Editorial	system_metadata_qna_edited_manually:true	[{"clusterHead":"การศึกษา","totalAutoSuggestedCount":1,"totalUserSuggestedCount":0,"alternateQuestionList":[{"question":"การศึกษา","autoSuggestedCount":1,"userSuggestedCount":0}]}]	False	[]	89
ลงทะเบียนเรียน	การลงทะเบียนเรียนเริ่ม 16 มิ.ย. 2568 ผ่านระบบ SIS: https://sis.psu.ac.th/\n- ปี 1: 16 มิ.ย.\n- ปี 4: 17 มิ.ย.\n- ปี 3: 18 มิ.ย.\n- ปี 2: 19 มิ.ย.\n- ปริญญาโท: 20 มิ.ย.	Editorial	system_metadata_qna_edited_manually:true	[]	False	[]	90
ลงทะเบียนเรียนตอนไหน	การลงทะเบียนเรียนเริ่ม 16 มิ.ย. 2568 ผ่านระบบ SIS: https://sis.psu.ac.th/\n- ปี 1: 16 มิ.ย.\n- ปี 4: 17 มิ.ย.\n- ปี 3: 18 มิ.ย.\n- ปี 2: 19 มิ.ย.\n- ปริญญาโท: 20 มิ.ย.	Editorial	system_metadata_qna_edited_manually:true	[]	False	[]	90
ปริญญาโทเริ่มลงทะเบียนเรียนวันไหน	การลงทะเบียนเรียนเริ่ม 16 มิ.ย. 2568 ผ่านระบบ SIS: https://sis.psu.ac.th/\n- ปี 1: 16 มิ.ย.\n- ปี 4: 17 มิ.ย.\n- ปี 3: 18 มิ.ย.\n- ปี 2: 19 มิ.ย.\n- ปริญญาโท: 20 มิ.ย.	Editorial	system_metadata_qna_edited_manually:true	[]	False	[]	90
ปี 4 เริ่มลงทะเบียนเรียนวันไหน	การลงทะเบียนเรียนเริ่ม 16 มิ.ย. 2568 ผ่านระบบ SIS: https://sis.psu.ac.th/\n- ปี 1: 16 มิ.ย.\n- ปี 4: 17 มิ.ย.\n- ปี 3: 18 มิ.ย.\n- ปี 2: 19 มิ.ย.\n- ปริญญาโท: 20 มิ.ย.	Editorial	system_metadata_qna_edited_manually:true	[]	False	[]	90
ปี 3 เริ่มลงทะเบียนเรียนวันไหน	การลงทะเบียนเรียนเริ่ม 16 มิ.ย. 2568 ผ่านระบบ SIS: https://sis.psu.ac.th/\n- ปี 1: 16 มิ.ย.\n- ปี 4: 17 มิ.ย.\n- ปี 3: 18 มิ.ย.\n- ปี 2: 19 มิ.ย.\n- ปริญญาโท: 20 มิ.ย.	Editorial	system_metadata_qna_edited_manually:true	[]	False	[]	90
ปี 2 เริ่มลงทะเบียนเรียนวันไหน	การลงทะเบียนเรียนเริ่ม 16 มิ.ย. 2568 ผ่านระบบ SIS: https://sis.psu.ac.th/\n- ปี 1: 16 มิ.ย.\n- ปี 4: 17 มิ.ย.\n- ปี 3: 18 มิ.ย.\n- ปี 2: 19 มิ.ย.\n- ปริญญาโท: 20 มิ.ย.	Editorial	system_metadata_qna_edited_manually:true	[]	False	[]	90
ปี 1 เริ่มลงทะเบียนเรียนวันไหน	การลงทะเบียนเรียนเริ่ม 16 มิ.ย. 2568 ผ่านระบบ SIS: https://sis.psu.ac.th/\n- ปี 1: 16 มิ.ย.\n- ปี 4: 17 มิ.ย.\n- ปี 3: 18 มิ.ย.\n- ปี 2: 19 มิ.ย.\n- ปริญญาโท: 20 มิ.ย.	Editorial	system_metadata_qna_edited_manually:true	[]	False	[]	90
เริ่มลงทะเบียนเรียนวันไหน	การลงทะเบียนเรียนเริ่ม 16 มิ.ย. 2568 ผ่านระบบ SIS: https://sis.psu.ac.th/\n- ปี 1: 16 มิ.ย.\n- ปี 4: 17 มิ.ย.\n- ปี 3: 18 มิ.ย.\n- ปี 2: 19 มิ.ย.\n- ปริญญาโท: 20 มิ.ย.	Editorial	system_metadata_qna_edited_manually:true	[]	False	[]	90
เปิดลงทะเบียนเรียนวันไหน	การลงทะเบียนเรียนเริ่ม 16 มิ.ย. 2568 ผ่านระบบ SIS: https://sis.psu.ac.th/\n- ปี 1: 16 มิ.ย.\n- ปี 4: 17 มิ.ย.\n- ปี 3: 18 มิ.ย.\n- ปี 2: 19 มิ.ย.\n- ปริญญาโท: 20 มิ.ย.	Editorial	system_metadata_qna_edited_manually:true	[]	False	[]	90
เพิ่มถอนรายวิชา	นักศึกษาสามารถทำการเพิ่ม–ถอนรายวิชาได้จนถึงวันที่ 6 กรกฎาคม 2568 เวลา 23.59 น. ผ่านระบบสารสนเทศนักศึกษา (SIS): https://sis.psu.ac.th หากถอนรายวิชาช้ากว่าช่วงเวลานี้จะติดสัญลักษณ์ W (Withdraw)	Editorial	system_metadata_qna_edited_manually:true	[]	False	[]	91
วันสุดท้ายที่ถอนวิชาเรียนได้คือวันไหน	นักศึกษาสามารถทำการเพิ่ม–ถอนรายวิชาได้จนถึงวันที่ 6 กรกฎาคม 2568 เวลา 23.59 น. ผ่านระบบสารสนเทศนักศึกษา (SIS): https://sis.psu.ac.th หากถอนรายวิชาช้ากว่าช่วงเวลานี้จะติดสัญลักษณ์ W (Withdraw)	Editorial	system_metadata_qna_edited_manually:true	[]	False	[]	91
วันสุดท้ายที่เพิ่มวิชาเรียนได้คือวันไหน	นักศึกษาสามารถทำการเพิ่ม–ถอนรายวิชาได้จนถึงวันที่ 6 กรกฎาคม 2568 เวลา 23.59 น. ผ่านระบบสารสนเทศนักศึกษา (SIS): https://sis.psu.ac.th หากถอนรายวิชาช้ากว่าช่วงเวลานี้จะติดสัญลักษณ์ W (Withdraw)	Editorial	system_metadata_qna_edited_manually:true	[]	False	[]	91
ถอนวิชาช้าได้ไหม	นักศึกษาสามารถทำการเพิ่ม–ถอนรายวิชาได้จนถึงวันที่ 6 กรกฎาคม 2568 เวลา 23.59 น. ผ่านระบบสารสนเทศนักศึกษา (SIS): https://sis.psu.ac.th หากถอนรายวิชาช้ากว่าช่วงเวลานี้จะติดสัญลักษณ์ W (Withdraw)	Editorial	system_metadata_qna_edited_manually:true	[]	False	[]	91
หมดเขตวันลงวิชาเรียนวันไหน	นักศึกษาสามารถทำการเพิ่ม–ถอนรายวิชาได้จนถึงวันที่ 6 กรกฎาคม 2568 เวลา 23.59 น. ผ่านระบบสารสนเทศนักศึกษา (SIS): https://sis.psu.ac.th หากถอนรายวิชาช้ากว่าช่วงเวลานี้จะติดสัญลักษณ์ W (Withdraw)	Editorial	system_metadata_qna_edited_manually:true	[]	False	[]	91
หมดเขตวันถอนวันไหน	นักศึกษาสามารถทำการเพิ่ม–ถอนรายวิชาได้จนถึงวันที่ 6 กรกฎาคม 2568 เวลา 23.59 น. ผ่านระบบสารสนเทศนักศึกษา (SIS): https://sis.psu.ac.th หากถอนรายวิชาช้ากว่าช่วงเวลานี้จะติดสัญลักษณ์ W (Withdraw)	Editorial	system_metadata_qna_edited_manually:true	[]	False	[]	91
ถอนได้ถึงตอนไหน	นักศึกษาสามารถทำการเพิ่ม–ถอนรายวิชาได้จนถึงวันที่ 6 กรกฎาคม 2568 เวลา 23.59 น. ผ่านระบบสารสนเทศนักศึกษา (SIS): https://sis.psu.ac.th หากถอนรายวิชาช้ากว่าช่วงเวลานี้จะติดสัญลักษณ์ W (Withdraw)	Editorial	system_metadata_qna_edited_manually:true	[]	False	[]	91
ลงเรียนเพิ่มได้ถึงตอนไหน	นักศึกษาสามารถทำการเพิ่ม–ถอนรายวิชาได้จนถึงวันที่ 6 กรกฎาคม 2568 เวลา 23.59 น. ผ่านระบบสารสนเทศนักศึกษา (SIS): https://sis.psu.ac.th หากถอนรายวิชาช้ากว่าช่วงเวลานี้จะติดสัญลักษณ์ W (Withdraw)	Editorial	system_metadata_qna_edited_manually:true	[]	False	[]	91
เพิ่มถอนรายวิชาเรียนได้ถึงตอนไหน	นักศึกษาสามารถทำการเพิ่ม–ถอนรายวิชาได้จนถึงวันที่ 6 กรกฎาคม 2568 เวลา 23.59 น. ผ่านระบบสารสนเทศนักศึกษา (SIS): https://sis.psu.ac.th หากถอนรายวิชาช้ากว่าช่วงเวลานี้จะติดสัญลักษณ์ W (Withdraw)	Editorial	system_metadata_qna_edited_manually:true	[]	False	[]	91
พลาดวันลงทะเบียนเรียน	หากนักศึกษาพลาดวันลงทะเบียนเรียนเฉพาะชั้นปีไป หลังจากจบวันสุดท้ายที่ทุกชั้นปีลงทะเบียนเรียนเเล้ว ทางมหาวิทยาลัยจะเปิดให้ทุกชั้นปีสามารถลงทะเบียนเรียนได้ในวันถัดไปผ่านระบบสารสนเทศนักศึกษา(SIS) รายละเอียดเพิ่มเติม: https://sis.psu.ac.th	Editorial	system_metadata_qna_edited_manually:true	[]	False	[]	92
ลงทะเบียนเรียนสายได้ไหม	หากนักศึกษาพลาดวันลงทะเบียนเรียนเฉพาะชั้นปีไป หลังจากจบวันสุดท้ายที่ทุกชั้นปีลงทะเบียนเรียนเเล้ว ทางมหาวิทยาลัยจะเปิดให้ทุกชั้นปีสามารถลงทะเบียนเรียนได้ในวันถัดไปผ่านระบบสารสนเทศนักศึกษา(SIS) รายละเอียดเพิ่มเติม: https://sis.psu.ac.th	Editorial	system_metadata_qna_edited_manually:true	[]	False	[]	92
ลงทะเบียนเรียนไม่ทันทำยังไง	หากนักศึกษาพลาดวันลงทะเบียนเรียนเฉพาะชั้นปีไป หลังจากจบวันสุดท้ายที่ทุกชั้นปีลงทะเบียนเรียนเเล้ว ทางมหาวิทยาลัยจะเปิดให้ทุกชั้นปีสามารถลงทะเบียนเรียนได้ในวันถัดไปผ่านระบบสารสนเทศนักศึกษา(SIS) รายละเอียดเพิ่มเติม: https://sis.psu.ac.th	Editorial	system_metadata_qna_edited_manually:true	[]	False	[]	92
กลางภาค	ช่วงเวลาสอบกลางภาคของภาคการศึกษาที่ 1/2568 จะเริ่มตั้งเเต่วันที่ 16 – 24 สิงหาคม 2568 \nสามารถดูตารางสอบได้ที่ https://sis.psu.ac.th/services/classes/exam/ \nขอให้โชคดีกับการสอบครับ!	Editorial	system_metadata_qna_edited_manually:true	[]	False	[]	93
กลางภาคสอบเสร็จวันไหน	ช่วงเวลาสอบกลางภาคของภาคการศึกษาที่ 1/2568 จะเริ่มตั้งเเต่วันที่ 16 – 24 สิงหาคม 2568 \nสามารถดูตารางสอบได้ที่ https://sis.psu.ac.th/services/classes/exam/ \nขอให้โชคดีกับการสอบครับ!	Editorial	system_metadata_qna_edited_manually:true	[]	False	[]	93
มิดเทอมสอบเมื่อไหร่	ช่วงเวลาสอบกลางภาคของภาคการศึกษาที่ 1/2568 จะเริ่มตั้งเเต่วันที่ 16 – 24 สิงหาคม 2568 \nสามารถดูตารางสอบได้ที่ https://sis.psu.ac.th/services/classes/exam/ \nขอให้โชคดีกับการสอบครับ!	Editorial	system_metadata_qna_edited_manually:true	[]	False	[]	93
มหาลัยสอบมิดเทอมตอนไหน	ช่วงเวลาสอบกลางภาคของภาคการศึกษาที่ 1/2568 จะเริ่มตั้งเเต่วันที่ 16 – 24 สิงหาคม 2568 \nสามารถดูตารางสอบได้ที่ https://sis.psu.ac.th/services/classes/exam/ \nขอให้โชคดีกับการสอบครับ!	Editorial	system_metadata_qna_edited_manually:true	[]	False	[]	93
สอบกลางภาคตอนไหน	ช่วงเวลาสอบกลางภาคของภาคการศึกษาที่ 1/2568 จะเริ่มตั้งเเต่วันที่ 16 – 24 สิงหาคม 2568 \nสามารถดูตารางสอบได้ที่ https://sis.psu.ac.th/services/classes/exam/ \nขอให้โชคดีกับการสอบครับ!	Editorial	system_metadata_qna_edited_manually:true	[]	False	[]	93
สอบกลางภาคเมื่อไหร่	ช่วงเวลาสอบกลางภาคของภาคการศึกษาที่ 1/2568 จะเริ่มตั้งเเต่วันที่ 16 – 24 สิงหาคม 2568 \nสามารถดูตารางสอบได้ที่ https://sis.psu.ac.th/services/classes/exam/ \nขอให้โชคดีกับการสอบครับ!	Editorial	system_metadata_qna_edited_manually:true	[]	False	[]	93
สอบกลางภาคช่วงไหน	ช่วงเวลาสอบกลางภาคของภาคการศึกษาที่ 1/2568 จะเริ่มตั้งเเต่วันที่ 16 – 24 สิงหาคม 2568 \nสามารถดูตารางสอบได้ที่ https://sis.psu.ac.th/services/classes/exam/ \nขอให้โชคดีกับการสอบครับ!	Editorial	system_metadata_qna_edited_manually:true	[]	False	[]	93
ปลายภาค	ช่วงเวลาสอบปลายภาคของภาคการศึกษาที่ 1/2568 จะเริ่มตั้งเเต่ 11 – 24 ตุลาคม 2568\nสามารถดูตารางสอบได้ที่ https://sis.psu.ac.th/services/classes/exam/ \nขอให้โชคดีกับการสอบครับ!\n	Editorial	system_metadata_qna_edited_manually:true	[]	False	[]	94
มหาลัยสอบไฟนอลช่วงไหน	ช่วงเวลาสอบปลายภาคของภาคการศึกษาที่ 1/2568 จะเริ่มตั้งเเต่ 11 – 24 ตุลาคม 2568\nสามารถดูตารางสอบได้ที่ https://sis.psu.ac.th/services/classes/exam/ \nขอให้โชคดีกับการสอบครับ!\n	Editorial	system_metadata_qna_edited_manually:true	[]	False	[]	94
เทอมนี้สอบไฟนอลเมื่อไหร่	ช่วงเวลาสอบปลายภาคของภาคการศึกษาที่ 1/2568 จะเริ่มตั้งเเต่ 11 – 24 ตุลาคม 2568\nสามารถดูตารางสอบได้ที่ https://sis.psu.ac.th/services/classes/exam/ \nขอให้โชคดีกับการสอบครับ!\n	Editorial	system_metadata_qna_edited_manually:true	[]	False	[]	94
ไฟนอลสอบตอนไหน	ช่วงเวลาสอบปลายภาคของภาคการศึกษาที่ 1/2568 จะเริ่มตั้งเเต่ 11 – 24 ตุลาคม 2568\nสามารถดูตารางสอบได้ที่ https://sis.psu.ac.th/services/classes/exam/ \nขอให้โชคดีกับการสอบครับ!\n	Editorial	system_metadata_qna_edited_manually:true	[]	False	[]	94
สอบไฟนอลวันไหน	ช่วงเวลาสอบปลายภาคของภาคการศึกษาที่ 1/2568 จะเริ่มตั้งเเต่ 11 – 24 ตุลาคม 2568\nสามารถดูตารางสอบได้ที่ https://sis.psu.ac.th/services/classes/exam/ \nขอให้โชคดีกับการสอบครับ!\n	Editorial	system_metadata_qna_edited_manually:true	[]	False	[]	94
สอบปลายภาควันไหน	ช่วงเวลาสอบปลายภาคของภาคการศึกษาที่ 1/2568 จะเริ่มตั้งเเต่ 11 – 24 ตุลาคม 2568\nสามารถดูตารางสอบได้ที่ https://sis.psu.ac.th/services/classes/exam/ \nขอให้โชคดีกับการสอบครับ!\n	Editorial	system_metadata_qna_edited_manually:true	[]	False	[]	94
สอบปลายภาคช่วงไหน	ช่วงเวลาสอบปลายภาคของภาคการศึกษาที่ 1/2568 จะเริ่มตั้งเเต่ 11 – 24 ตุลาคม 2568\nสามารถดูตารางสอบได้ที่ https://sis.psu.ac.th/services/classes/exam/ \nขอให้โชคดีกับการสอบครับ!\n	Editorial	system_metadata_qna_edited_manually:true	[]	False	[]	94
รถโดยสาร	รถ EV /รถโดยสาร ม.อ. ให้บริการทุกวัน ตั้งแต่เวลา 07.00 น. – 21.00 น. \nสามารถดูรายละเอียดเส้นทางการเดินรถได้ที่นี่: https://psu.smart-campus.app/home	Editorial	system_metadata_qna_edited_manually:true	[]	False	[]	95
รถไฟฟ้าหมดกี่โมง	รถ EV /รถโดยสาร ม.อ. ให้บริการทุกวัน ตั้งแต่เวลา 07.00 น. – 21.00 น. \nสามารถดูรายละเอียดเส้นทางการเดินรถได้ที่นี่: https://psu.smart-campus.app/home	Editorial	system_metadata_qna_edited_manually:true	[]	False	[]	95
รถไฟฟ้าเปิดกี่โมง	รถ EV /รถโดยสาร ม.อ. ให้บริการทุกวัน ตั้งแต่เวลา 07.00 น. – 21.00 น. \nสามารถดูรายละเอียดเส้นทางการเดินรถได้ที่นี่: https://psu.smart-campus.app/home	Editorial	system_metadata_qna_edited_manually:true	[]	False	[]	95
รถโดยสารเปิดกี่โมงถึงกี่โมง	รถ EV /รถโดยสาร ม.อ. ให้บริการทุกวัน ตั้งแต่เวลา 07.00 น. – 21.00 น. \nสามารถดูรายละเอียดเส้นทางการเดินรถได้ที่นี่: https://psu.smart-campus.app/home	Editorial	system_metadata_qna_edited_manually:true	[]	False	[]	95
รถโดยสารในมอให้บริการกี่โมง	รถ EV /รถโดยสาร ม.อ. ให้บริการทุกวัน ตั้งแต่เวลา 07.00 น. – 21.00 น. \nสามารถดูรายละเอียดเส้นทางการเดินรถได้ที่นี่: https://psu.smart-campus.app/home	Editorial	system_metadata_qna_edited_manually:true	[]	False	[]	95
รถโดยสารในมอวิ่งวันเสาร์อาทิตย์ไหม	รถ EV /รถโดยสาร ม.อ. ให้บริการทุกวัน ตั้งแต่เวลา 07.00 น. – 21.00 น. \nสามารถดูรายละเอียดเส้นทางการเดินรถได้ที่นี่: https://psu.smart-campus.app/home	Editorial	system_metadata_qna_edited_manually:true	[]	False	[]	95
รถไฟฟ้าในมหาลัยวิ่งถึงกี่โมง	รถ EV /รถโดยสาร ม.อ. ให้บริการทุกวัน ตั้งแต่เวลา 07.00 น. – 21.00 น. \nสามารถดูรายละเอียดเส้นทางการเดินรถได้ที่นี่: https://psu.smart-campus.app/home	Editorial	system_metadata_qna_edited_manually:true	[]	False	[]	95
รถไฟฟ้าใน ม.อ. หมดกี่โมง	รถ EV /รถโดยสาร ม.อ. ให้บริการทุกวัน ตั้งแต่เวลา 07.00 น. – 21.00 น. \nสามารถดูรายละเอียดเส้นทางการเดินรถได้ที่นี่: https://psu.smart-campus.app/home	Editorial	system_metadata_qna_edited_manually:true	[]	False	[]	95
รถโดยสารวิ่งกี่โมง	รถ EV /รถโดยสาร ม.อ. ให้บริการทุกวัน ตั้งแต่เวลา 07.00 น. – 21.00 น. \nสามารถดูรายละเอียดเส้นทางการเดินรถได้ที่นี่: https://psu.smart-campus.app/home	Editorial	system_metadata_qna_edited_manually:true	[]	False	[]	95
โรงอาหาร	โรงช้างเปิดทุกวัน โดยเวลาเปิดปิดจะขึ้นอยู่กับแต่ละร้านค้า\nส่วนใหญ่จะเปิดตั้งแต่ประมาณ 8.00 น. - 21.00 น.	Editorial	system_metadata_qna_edited_manually:true	[]	False	[]	96
โรงช้างเปิดเสาร์อาทิตย์ไหม	โรงช้างเปิดทุกวัน โดยเวลาเปิดปิดจะขึ้นอยู่กับแต่ละร้านค้า\nส่วนใหญ่จะเปิดตั้งแต่ประมาณ 8.00 น. - 21.00 น.	Editorial	system_metadata_qna_edited_manually:true	[]	False	[]	96
โรงช้างเปิดกี่โมงถึงกี่โมง	โรงช้างเปิดทุกวัน โดยเวลาเปิดปิดจะขึ้นอยู่กับแต่ละร้านค้า\nส่วนใหญ่จะเปิดตั้งแต่ประมาณ 8.00 น. - 21.00 น.	Editorial	system_metadata_qna_edited_manually:true	[]	False	[]	96
โรงอาหารกลางคือที่ไหน	โรงช้างเปิดทุกวัน โดยเวลาเปิดปิดจะขึ้นอยู่กับแต่ละร้านค้า\nส่วนใหญ่จะเปิดตั้งแต่ประมาณ 8.00 น. - 21.00 น.	Editorial	system_metadata_qna_edited_manually:true	[]	False	[]	96
โรงช้างปิดตอนไหน	โรงช้างเปิดทุกวัน โดยเวลาเปิดปิดจะขึ้นอยู่กับแต่ละร้านค้า\nส่วนใหญ่จะเปิดตั้งแต่ประมาณ 8.00 น. - 21.00 น.	Editorial	system_metadata_qna_edited_manually:true	[]	False	[]	96
โรงช้างเปิดกี่โมง	โรงช้างเปิดทุกวัน โดยเวลาเปิดปิดจะขึ้นอยู่กับแต่ละร้านค้า\nส่วนใหญ่จะเปิดตั้งแต่ประมาณ 8.00 น. - 21.00 น.	Editorial	system_metadata_qna_edited_manually:true	[]	False	[]	96
หอพักนักศึกษา	นักศึกษาสามารถติดตามข่าวการสมัครหอพักได้จากกองพัฒนานักศึกษาและศิษย์เก่าสัมพันธ์  \n\n- Facebook: [หอพักนักศึกษา กองพัฒนานักศึกษาฯ](https://www.facebook.com/dormpsuhatyai/)  \n- Facebook: [หอพักนักศึกษาในกำกับฯ](https://www.facebook.com/dormpsu891011)  \n- สมัครออนไลน์: [ระบบสมัครหอพักนักศึกษา](https://dorm.psu.ac.th/system/welcome/show/dorm_info)\n	Editorial	system_metadata_qna_edited_manually:true	[]	False	[]	97
หอใน	นักศึกษาสามารถติดตามข่าวการสมัครหอพักได้จากกองพัฒนานักศึกษาและศิษย์เก่าสัมพันธ์  \n\n- Facebook: [หอพักนักศึกษา กองพัฒนานักศึกษาฯ](https://www.facebook.com/dormpsuhatyai/)  \n- Facebook: [หอพักนักศึกษาในกำกับฯ](https://www.facebook.com/dormpsu891011)  \n- สมัครออนไลน์: [ระบบสมัครหอพักนักศึกษา](https://dorm.psu.ac.th/system/welcome/show/dorm_info)\n	Editorial	system_metadata_qna_edited_manually:true	[]	False	[]	97
ห้องสมุด	เวลาทำการห้องสมุดคุณหญิงหลงฯ คือ: \n- วันจันทร์ - ศุกร์: 08.30 – 20.00 น.\n- วันเสาร์ - อาทิตย์: 09.00 – 18.00 น.\n- วันหยุดนักขัตฤกษ์: ปิดบริการ\nช่วงสอบอาจขยายเวลาเปิดบริการ\n	Editorial	system_metadata_qna_edited_manually:true	[]	False	[]	98
วันเสาร์อาทิตย์หญิงหลงเปิดไหม	เวลาทำการห้องสมุดคุณหญิงหลงฯ คือ: \n- วันจันทร์ - ศุกร์: 08.30 – 20.00 น.\n- วันเสาร์ - อาทิตย์: 09.00 – 18.00 น.\n- วันหยุดนักขัตฤกษ์: ปิดบริการ\nช่วงสอบอาจขยายเวลาเปิดบริการ\n	Editorial	system_metadata_qna_edited_manually:true	[]	False	[]	98
หญิงหลง	เวลาทำการห้องสมุดคุณหญิงหลงฯ คือ: \n- วันจันทร์ - ศุกร์: 08.30 – 20.00 น.\n- วันเสาร์ - อาทิตย์: 09.00 – 18.00 น.\n- วันหยุดนักขัตฤกษ์: ปิดบริการ\nช่วงสอบอาจขยายเวลาเปิดบริการ\n	Editorial	system_metadata_qna_edited_manually:true	[]	False	[]	98
หญิงหลงเปิดกี่โมง	เวลาทำการห้องสมุดคุณหญิงหลงฯ คือ: \n- วันจันทร์ - ศุกร์: 08.30 – 20.00 น.\n- วันเสาร์ - อาทิตย์: 09.00 – 18.00 น.\n- วันหยุดนักขัตฤกษ์: ปิดบริการ\nช่วงสอบอาจขยายเวลาเปิดบริการ\n	Editorial	system_metadata_qna_edited_manually:true	[]	False	[]	98
จองห้องอ่านหนังสือ	นักศึกษาสามารถจองห้องติวหนังสือ (Study Room) ออนไลน์ได้ผ่านเว็บไซต์ของสำนักทรัพยากรการเรียนรู้คุณหญิงหลงฯ ที่ระบบจองห้อง: https://clib.psu.ac.th/studyroom/	Editorial	system_metadata_qna_edited_manually:true	[]	False	[]	99
จองห้องในหญิงหลง	นักศึกษาสามารถจองห้องติวหนังสือ (Study Room) ออนไลน์ได้ผ่านเว็บไซต์ของสำนักทรัพยากรการเรียนรู้คุณหญิงหลงฯ ที่ระบบจองห้อง: https://clib.psu.ac.th/studyroom/	Editorial	system_metadata_qna_edited_manually:true	[]	False	[]	99
วิธีจองห้องอ่านหนังสือ	นักศึกษาสามารถจองห้องติวหนังสือ (Study Room) ออนไลน์ได้ผ่านเว็บไซต์ของสำนักทรัพยากรการเรียนรู้คุณหญิงหลงฯ ที่ระบบจองห้อง: https://clib.psu.ac.th/studyroom/	Editorial	system_metadata_qna_edited_manually:true	[]	False	[]	99
จะจอง study room ยังไง	นักศึกษาสามารถจองห้องติวหนังสือ (Study Room) ออนไลน์ได้ผ่านเว็บไซต์ของสำนักทรัพยากรการเรียนรู้คุณหญิงหลงฯ ที่ระบบจองห้อง: https://clib.psu.ac.th/studyroom/	Editorial	system_metadata_qna_edited_manually:true	[]	False	[]	99
อยากจองห้องติวหนังสือต้องทำยังไง	นักศึกษาสามารถจองห้องติวหนังสือ (Study Room) ออนไลน์ได้ผ่านเว็บไซต์ของสำนักทรัพยากรการเรียนรู้คุณหญิงหลงฯ ที่ระบบจองห้อง: https://clib.psu.ac.th/studyroom/	Editorial	system_metadata_qna_edited_manually:true	[]	False	[]	99
เก่งนี่หว่า	เเน่นอนครับ ผมคือสุดยอดผู้ช่วยเเห่งอนาคต มีอะไรให้ผมช่วยอีกสอบถามได้เสมอนะครับ 😁	Editorial	system_metadata_qna_edited_manually:true	[{"clusterHead":"เก่งดีหนิ","totalAutoSuggestedCount":1,"totalUserSuggestedCount":0,"alternateQuestionList":[{"question":"เก่งดีหนิ","autoSuggestedCount":1,"userSuggestedCount":0}]}]	False	[]	100
ใช้ได้นะเรา	เเน่นอนครับ ผมคือสุดยอดผู้ช่วยเเห่งอนาคต มีอะไรให้ผมช่วยอีกสอบถามได้เสมอนะครับ 😁	Editorial	system_metadata_qna_edited_manually:true	[{"clusterHead":"เก่งดีหนิ","totalAutoSuggestedCount":1,"totalUserSuggestedCount":0,"alternateQuestionList":[{"question":"เก่งดีหนิ","autoSuggestedCount":1,"userSuggestedCount":0}]}]	False	[]	100
Internet	นักศึกษาสามารถเชื่อมต่อเครือข่ายชื่อ "PSU-Wifi" โดยใช้ PSU Passport ของตนเอง\n- Username: รหัสนักศึกษา@psu.ac.th (เช่น 6612345678@psu.ac.th)\n- Password: รหัสเดียวกับที่ใช้เข้าสู่ระบบ SIS	Editorial	system_metadata_qna_edited_manually:true	[]	False	[]	101
ขอวิธีเชื่อมอินเทอร์เน็ตมอหน่อย	นักศึกษาสามารถเชื่อมต่อเครือข่ายชื่อ "PSU-Wifi" โดยใช้ PSU Passport ของตนเอง\n- Username: รหัสนักศึกษา@psu.ac.th (เช่น 6612345678@psu.ac.th)\n- Password: รหัสเดียวกับที่ใช้เข้าสู่ระบบ SIS	Editorial	system_metadata_qna_edited_manually:true	[]	False	[]	101
Psu-Wifi เชื่อมต่อยังไง	นักศึกษาสามารถเชื่อมต่อเครือข่ายชื่อ "PSU-Wifi" โดยใช้ PSU Passport ของตนเอง\n- Username: รหัสนักศึกษา@psu.ac.th (เช่น 6612345678@psu.ac.th)\n- Password: รหัสเดียวกับที่ใช้เข้าสู่ระบบ SIS	Editorial	system_metadata_qna_edited_manually:true	[]	False	[]	101
จะเชื่อม Wifi ของมหาลัยยังไง	นักศึกษาสามารถเชื่อมต่อเครือข่ายชื่อ "PSU-Wifi" โดยใช้ PSU Passport ของตนเอง\n- Username: รหัสนักศึกษา@psu.ac.th (เช่น 6612345678@psu.ac.th)\n- Password: รหัสเดียวกับที่ใช้เข้าสู่ระบบ SIS	Editorial	system_metadata_qna_edited_manually:true	[]	False	[]	101
ศูนย์กีฬา (Sports Complex)	ศูนย์กีฬาและสุขภาพ ม.อ. มีหลายส่วนบริการ เช่น ฟิตเนส สระว่ายน้ำ และสนามกีฬา\nคุณอยากทราบเวลาเปิด-ปิดของส่วนไหนครับ?	Editorial	system_metadata_qna_edited_manually:true|category:sportcenter	[]	False	[{"DisplayOrder":0,"QnaId":103,"Qna":null,"DisplayText":"ฟิตเนส (Fitness Center)"},{"DisplayOrder":0,"QnaId":104,"Qna":null,"DisplayText":"สระว่ายน้ำ (Swimming Pool)"},{"DisplayOrder":0,"QnaId":105,"Qna":null,"DisplayText":"สนามกีฬาในร่ม (Indoor Courts)"},{"DisplayOrder":0,"QnaId":106,"Qna":null,"DisplayText":"สนามกีฬากลางแจ้ง (Outdoor Courts)"}]	102
สนามกีฬา	ศูนย์กีฬาและสุขภาพ ม.อ. มีหลายส่วนบริการ เช่น ฟิตเนส สระว่ายน้ำ และสนามกีฬา\nคุณอยากทราบเวลาเปิด-ปิดของส่วนไหนครับ?	Editorial	system_metadata_qna_edited_manually:true|category:sportcenter	[]	False	[{"DisplayOrder":0,"QnaId":103,"Qna":null,"DisplayText":"ฟิตเนส (Fitness Center)"},{"DisplayOrder":0,"QnaId":104,"Qna":null,"DisplayText":"สระว่ายน้ำ (Swimming Pool)"},{"DisplayOrder":0,"QnaId":105,"Qna":null,"DisplayText":"สนามกีฬาในร่ม (Indoor Courts)"},{"DisplayOrder":0,"QnaId":106,"Qna":null,"DisplayText":"สนามกีฬากลางแจ้ง (Outdoor Courts)"}]	102
ศูนย์กีฬา	ศูนย์กีฬาและสุขภาพ ม.อ. มีหลายส่วนบริการ เช่น ฟิตเนส สระว่ายน้ำ และสนามกีฬา\nคุณอยากทราบเวลาเปิด-ปิดของส่วนไหนครับ?	Editorial	system_metadata_qna_edited_manually:true|category:sportcenter	[]	False	[{"DisplayOrder":0,"QnaId":103,"Qna":null,"DisplayText":"ฟิตเนส (Fitness Center)"},{"DisplayOrder":0,"QnaId":104,"Qna":null,"DisplayText":"สระว่ายน้ำ (Swimming Pool)"},{"DisplayOrder":0,"QnaId":105,"Qna":null,"DisplayText":"สนามกีฬาในร่ม (Indoor Courts)"},{"DisplayOrder":0,"QnaId":106,"Qna":null,"DisplayText":"สนามกีฬากลางแจ้ง (Outdoor Courts)"}]	102
ฟิตเนส (Fitness Center)	ฟิตเนสเปิดทุกวัน เวลา 15.00 น. – 20.45 น.\n\n**หมายเหตุ: เวลานี้เป็นโดยประมาณ อาจมีการเปลี่ยนแปลงได้ ควรตรวจสอบประกาศล่าสุดที่เพจ PSU Sports Complex ก่อนใช้งานครับ	Editorial	system_metadata_qna_edited_manually:true|category:sport	[]	False	[]	103
fitness เปิดกี่โมง	ฟิตเนสเปิดทุกวัน เวลา 15.00 น. – 20.45 น.\n\n**หมายเหตุ: เวลานี้เป็นโดยประมาณ อาจมีการเปลี่ยนแปลงได้ ควรตรวจสอบประกาศล่าสุดที่เพจ PSU Sports Complex ก่อนใช้งานครับ	Editorial	system_metadata_qna_edited_manually:true|category:sport	[]	False	[]	103
ฟิตเนส	ฟิตเนสเปิดทุกวัน เวลา 15.00 น. – 20.45 น.\n\n**หมายเหตุ: เวลานี้เป็นโดยประมาณ อาจมีการเปลี่ยนแปลงได้ ควรตรวจสอบประกาศล่าสุดที่เพจ PSU Sports Complex ก่อนใช้งานครับ	Editorial	system_metadata_qna_edited_manually:true|category:sport	[]	False	[]	103
สระว่ายน้ำ (Swimming Pool)	สระว่ายน้ำเปิดวันอังคาร - อาทิตย์ และเปิดเป็นรอบดังนี้ครับ:\n\nช่วงเช้า: 06.30 – 11.30 น.\n\nช่วงบ่าย: 14.00 – 20.50 น.\n\nปิดให้บริการทุกวันจันทร์ และ วันที่มหาวิทยาลัยประกาศให้ปิดสระว่ายน้ำ\n\nติดต่อสระว่ายน้ำโทร: 0-7428-9186\n\n**หมายเหตุ: เวลานี้เป็นโดยประมาณ อาจมีการเปลี่ยนแปลงได้ ควรตรวจสอบประกาศล่าสุดที่เพจ PSU Sports Complex ก่อนใช้งานครับ	Editorial	system_metadata_qna_edited_manually:true|category:sport	[{"clusterHead":".","totalAutoSuggestedCount":1,"totalUserSuggestedCount":0,"alternateQuestionList":[{"question":".","autoSuggestedCount":1,"userSuggestedCount":0}]}]	False	[]	104
สระว่ายน้ำ	สระว่ายน้ำเปิดวันอังคาร - อาทิตย์ และเปิดเป็นรอบดังนี้ครับ:\n\nช่วงเช้า: 06.30 – 11.30 น.\n\nช่วงบ่าย: 14.00 – 20.50 น.\n\nปิดให้บริการทุกวันจันทร์ และ วันที่มหาวิทยาลัยประกาศให้ปิดสระว่ายน้ำ\n\nติดต่อสระว่ายน้ำโทร: 0-7428-9186\n\n**หมายเหตุ: เวลานี้เป็นโดยประมาณ อาจมีการเปลี่ยนแปลงได้ ควรตรวจสอบประกาศล่าสุดที่เพจ PSU Sports Complex ก่อนใช้งานครับ	Editorial	system_metadata_qna_edited_manually:true|category:sport	[{"clusterHead":".","totalAutoSuggestedCount":1,"totalUserSuggestedCount":0,"alternateQuestionList":[{"question":".","autoSuggestedCount":1,"userSuggestedCount":0}]}]	False	[]	104
สนามกีฬาในร่ม (Indoor Courts)	กีฬาในร่มที่ให้บริการ ได้แก่ บาสเกตบอล วอลเลย์บอล และ แบตมินตัน	Editorial	system_metadata_qna_edited_manually:true|category:sport	[]	False	[{"DisplayOrder":0,"QnaId":107,"Qna":null,"DisplayText":"สนามบาสเกตบอล (Basketball)"},{"DisplayOrder":1,"QnaId":108,"Qna":null,"DisplayText":"สนามวอลเลย์บอล (Volleyball)"},{"DisplayOrder":2,"QnaId":109,"Qna":null,"DisplayText":"สนามแบตมินตัน (Badminton)"},{"DisplayOrder":3,"QnaId":110,"Qna":null,"DisplayText":"สนามกีฬาอเนกประสงค์ (Multipurpose Sports Court)"}]	105
สนามกีฬาในร่ม	กีฬาในร่มที่ให้บริการ ได้แก่ บาสเกตบอล วอลเลย์บอล และ แบตมินตัน	Editorial	system_metadata_qna_edited_manually:true|category:sport	[]	False	[{"DisplayOrder":0,"QnaId":107,"Qna":null,"DisplayText":"สนามบาสเกตบอล (Basketball)"},{"DisplayOrder":1,"QnaId":108,"Qna":null,"DisplayText":"สนามวอลเลย์บอล (Volleyball)"},{"DisplayOrder":2,"QnaId":109,"Qna":null,"DisplayText":"สนามแบตมินตัน (Badminton)"},{"DisplayOrder":3,"QnaId":110,"Qna":null,"DisplayText":"สนามกีฬาอเนกประสงค์ (Multipurpose Sports Court)"}]	105
สนามกีฬากลางแจ้ง (Outdoor Courts)	กีฬากลางแจ้งที่เปิดให้บริการ ได้แก่ สนามฟุตบอลหญ้าเทียม และสนามเทนนิส	Editorial	system_metadata_qna_edited_manually:true|category:sport	[]	False	[{"DisplayOrder":0,"QnaId":111,"Qna":null,"DisplayText":"สนามฟุตบอลหญ้าเทียม (Artificial Turf Football Field)"},{"DisplayOrder":0,"QnaId":112,"Qna":null,"DisplayText":"สนามเทนนิส (Tennis Court)"}]	106
สนามกีฬานอกร่ม	กีฬากลางแจ้งที่เปิดให้บริการ ได้แก่ สนามฟุตบอลหญ้าเทียม และสนามเทนนิส	Editorial	system_metadata_qna_edited_manually:true|category:sport	[]	False	[{"DisplayOrder":0,"QnaId":111,"Qna":null,"DisplayText":"สนามฟุตบอลหญ้าเทียม (Artificial Turf Football Field)"},{"DisplayOrder":0,"QnaId":112,"Qna":null,"DisplayText":"สนามเทนนิส (Tennis Court)"}]	106
สนามกีฬากลางแจ้ง	กีฬากลางแจ้งที่เปิดให้บริการ ได้แก่ สนามฟุตบอลหญ้าเทียม และสนามเทนนิส	Editorial	system_metadata_qna_edited_manually:true|category:sport	[]	False	[{"DisplayOrder":0,"QnaId":111,"Qna":null,"DisplayText":"สนามฟุตบอลหญ้าเทียม (Artificial Turf Football Field)"},{"DisplayOrder":0,"QnaId":112,"Qna":null,"DisplayText":"สนามเทนนิส (Tennis Court)"}]	106
สนามบาสเกตบอล (Basketball)	สนามบาสเกตบอลเปิดให้บริการทุกวัน เวลา 15.00 – 21.00 น.\n\n**หมายเหตุ: เวลานี้เป็นโดยประมาณ อาจมีการเปลี่ยนแปลงได้ ควรตรวจสอบประกาศล่าสุดที่เพจ PSU Sports Complex ก่อนใช้งานครับ	Editorial	system_metadata_qna_edited_manually:true	[]	False	[]	107
สนามบาส	สนามบาสเกตบอลเปิดให้บริการทุกวัน เวลา 15.00 – 21.00 น.\n\n**หมายเหตุ: เวลานี้เป็นโดยประมาณ อาจมีการเปลี่ยนแปลงได้ ควรตรวจสอบประกาศล่าสุดที่เพจ PSU Sports Complex ก่อนใช้งานครับ	Editorial	system_metadata_qna_edited_manually:true	[]	False	[]	107
สนามวอลเลย์บอล (Volleyball)	สนามวอลเลย์บอลเปิดให้บริการทุกวัน เวลา 15.00 – 21.00 น.\n\n**หมายเหตุ: เวลานี้เป็นโดยประมาณ อาจมีการเปลี่ยนแปลงได้ ควรตรวจสอบประกาศล่าสุดที่เพจ PSU Sports Complex ก่อนใช้งานครับ	Editorial	system_metadata_qna_edited_manually:true	[]	False	[]	108
สนามวอลเล่	สนามวอลเลย์บอลเปิดให้บริการทุกวัน เวลา 15.00 – 21.00 น.\n\n**หมายเหตุ: เวลานี้เป็นโดยประมาณ อาจมีการเปลี่ยนแปลงได้ ควรตรวจสอบประกาศล่าสุดที่เพจ PSU Sports Complex ก่อนใช้งานครับ	Editorial	system_metadata_qna_edited_manually:true	[]	False	[]	108
สนามแบตมินตัน (Badminton)	สนามแบตมินตันเปิดให้บริการทุกวัน เวลา 15.00 - 21.00 น. \n\n**หมายเหตุ: เวลานี้เป็นโดยประมาณ อาจมีการเปลี่ยนแปลงได้ ควรตรวจสอบประกาศล่าสุดที่เพจ PSU Sports Complex ก่อนใช้งานครับ	Editorial	system_metadata_qna_edited_manually:true	[]	False	[]	109
สนามเเบต	สนามแบตมินตันเปิดให้บริการทุกวัน เวลา 15.00 - 21.00 น. \n\n**หมายเหตุ: เวลานี้เป็นโดยประมาณ อาจมีการเปลี่ยนแปลงได้ ควรตรวจสอบประกาศล่าสุดที่เพจ PSU Sports Complex ก่อนใช้งานครับ	Editorial	system_metadata_qna_edited_manually:true	[]	False	[]	109
สนามแบต	สนามแบตมินตันเปิดให้บริการทุกวัน เวลา 15.00 - 21.00 น. \n\n**หมายเหตุ: เวลานี้เป็นโดยประมาณ อาจมีการเปลี่ยนแปลงได้ ควรตรวจสอบประกาศล่าสุดที่เพจ PSU Sports Complex ก่อนใช้งานครับ	Editorial	system_metadata_qna_edited_manually:true	[]	False	[]	109
สนามกีฬาอเนกประสงค์ (Multipurpose Sports Court)	สนามกีฬาอเนกประสงค์เปิดให้บริการทุกวัน เวลา 15.00 - 21.00 น. \n\n**หมายเหตุ: เวลานี้เป็นโดยประมาณ อาจมีการเปลี่ยนแปลงได้ ควรตรวจสอบประกาศล่าสุดที่เพจ PSU Sports Complex ก่อนใช้งานครับ	Editorial	system_metadata_qna_edited_manually:true	[]	False	[]	110
สนามฟุตซอล	สนามกีฬาอเนกประสงค์เปิดให้บริการทุกวัน เวลา 15.00 - 21.00 น. \n\n**หมายเหตุ: เวลานี้เป็นโดยประมาณ อาจมีการเปลี่ยนแปลงได้ ควรตรวจสอบประกาศล่าสุดที่เพจ PSU Sports Complex ก่อนใช้งานครับ	Editorial	system_metadata_qna_edited_manually:true	[]	False	[]	110
สนามฟุตบอลหญ้าเทียม (Artificial Turf Football Field)	สนามฟุตบอลหญ้าเทียมเปิดบริการทุกวันเวลา 15.00 - 21.00 น. \n\n**หมายเหตุ: เวลานี้เป็นโดยประมาณ อาจมีการเปลี่ยนแปลงได้ ควรตรวจสอบประกาศล่าสุดที่เพจ PSU Sports Complex ก่อนใช้งานครับ	Editorial	system_metadata_qna_edited_manually:true	[]	False	[]	111
สนามหญ้าเทียม	สนามฟุตบอลหญ้าเทียมเปิดบริการทุกวันเวลา 15.00 - 21.00 น. \n\n**หมายเหตุ: เวลานี้เป็นโดยประมาณ อาจมีการเปลี่ยนแปลงได้ ควรตรวจสอบประกาศล่าสุดที่เพจ PSU Sports Complex ก่อนใช้งานครับ	Editorial	system_metadata_qna_edited_manually:true	[]	False	[]	111
สนามเทนนิส (Tennis Court)	สนามเทนนิสเปิดให้บริการทุกวันตั้งเเต่เวลา 6.00 - 21.00 น.\n\n**หมายเหตุ: เวลานี้เป็นโดยประมาณ อาจมีการเปลี่ยนแปลงได้ ควรตรวจสอบประกาศล่าสุดที่เพจ PSU Sports Complex ก่อนใช้งานครับ	Editorial	system_metadata_qna_edited_manually:true	[]	False	[]	112
สนามเทนนิส	สนามเทนนิสเปิดให้บริการทุกวันตั้งเเต่เวลา 6.00 - 21.00 น.\n\n**หมายเหตุ: เวลานี้เป็นโดยประมาณ อาจมีการเปลี่ยนแปลงได้ ควรตรวจสอบประกาศล่าสุดที่เพจ PSU Sports Complex ก่อนใช้งานครับ	Editorial	system_metadata_qna_edited_manually:true	[]	False	[]	112
การนำทาง	ม.อ. มีหลายคณะและตึกเรียนครับ บางสถานที่หาได้ใน Google Maps เช่น คณะต่างๆ หรือห้องสมุด\nแต่ถ้าเป็นจุดย่อยๆ ที่ไม่มีในแผนที่ สามารถถามผมได้เลยนะครับ\nคุณอยากดูข้อมูลของที่ไหนครับ?	Editorial	system_metadata_qna_edited_manually:true|navigation:navigater	[]	False	[{"DisplayOrder":0,"QnaId":114,"Qna":null,"DisplayText":"คณะ"},{"DisplayOrder":0,"QnaId":115,"Qna":null,"DisplayText":"สำนัก (Institutes / Offices)"}]	113
คณะ (Faculty)	มหาวิทยาลัยสงขลานครินทร์มีคณะต่างๆ ครอบคลุมหลายสาขาวิชา ไม่ว่าจะเป็นสายวิทยาศาสตร์ สุขภาพ สังคมศาสตร์ มนุษยศาสตร์ และบริหาร \nหากต้องการดูตำแหน่งอาคารหรือสถานที่ย่อยของแต่ละคณะ สามารถเข้าไปดูเพิ่มเติมได้ที่เว็บไซต์ทางการของคณะนั้น ๆ ได้เลยครับ\nคุณอยากดูข้อมูลของคณะไหนครับ?	Editorial	system_metadata_qna_edited_manually:true|navigation:faculty	[{"clusterHead":"คณะวิศวะ","totalAutoSuggestedCount":1,"totalUserSuggestedCount":0,"alternateQuestionList":[{"question":"คณะวิศวะ","autoSuggestedCount":1,"userSuggestedCount":0}]},{"clusterHead":"มหาวิทยาลัยมีคณะอะไรบ้าง","totalAutoSuggestedCount":1,"totalUserSuggestedCount":0,"alternateQuestionList":[{"question":"มหาวิทยาลัยมีคณะอะไรบ้าง","autoSuggestedCount":1,"userSuggestedCount":0}]},{"clusterHead":"ข้อมูลคณะ","totalAutoSuggestedCount":5,"totalUserSuggestedCount":0,"alternateQuestionList":[{"question":"ข้อมูลคณะ","autoSuggestedCount":5,"userSuggestedCount":0}]},{"clusterHead":"คณะ","totalAutoSuggestedCount":2,"totalUserSuggestedCount":0,"alternateQuestionList":[{"question":"คณะ","autoSuggestedCount":2,"userSuggestedCount":0}]},{"clusterHead":"มหาวิทยาลัยมีกี่คณะ","totalAutoSuggestedCount":1,"totalUserSuggestedCount":0,"alternateQuestionList":[{"question":"มหาวิทยาลัยมีกี่คณะ","autoSuggestedCount":1,"userSuggestedCount":0}]}]	False	[{"DisplayOrder":0,"QnaId":116,"Qna":null,"DisplayText":"คณะการจัดการสิ่งแวดล้อม"},{"DisplayOrder":1,"QnaId":4,"Qna":null,"DisplayText":"คณะวิศวกรรมศาสตร์"},{"DisplayOrder":2,"QnaId":118,"Qna":null,"DisplayText":"คณะการแพทย์แผนไทย"},{"DisplayOrder":3,"QnaId":119,"Qna":null,"DisplayText":"คณะทรัพยากรธรรมชาติ"},{"DisplayOrder":4,"QnaId":120,"Qna":null,"DisplayText":"คณะนิติศาสตร์"},{"DisplayOrder":5,"QnaId":121,"Qna":null,"DisplayText":"คณะพยาบาลศาสตร์"},{"DisplayOrder":6,"QnaId":122,"Qna":null,"DisplayText":"คณะวิทยาการจัดการ"},{"DisplayOrder":7,"QnaId":123,"Qna":null,"DisplayText":"คณะวิทยาศาสตร์"},{"DisplayOrder":8,"QnaId":124,"Qna":null,"DisplayText":"คณะศิลปศาสตร์"},{"DisplayOrder":9,"QnaId":125,"Qna":null,"DisplayText":"คณะสัตวแพทยศาสตร์"},{"DisplayOrder":10,"QnaId":126,"Qna":null,"DisplayText":"คณะอุตสาหกรรมเกษตร"}]	114
สำนัก (Institutes / Offices)	มหาวิทยาลัยมีหน่วยงานและสำนักต่างๆ ที่ช่วยสนับสนุนการเรียน การวิจัย และการพัฒนา\nคุณอยากดูข้อมูลของสำนักไหนครับ?	Editorial	system_metadata_qna_edited_manually:true|navigation:office	[]	False	[{"DisplayOrder":0,"QnaId":127,"Qna":null,"DisplayText":"in progess "}]	115
คณะการจัดการสิ่งแวดล้อม	คณะการจัดการสิ่งเเวดล้อมตั้งอยู่ข้างตึก BSc หรือ หอสมุดคุณหญิงหลง อยู่ด้านหลังตึกฟักทองของคณะวิทยาศาสตร์\nสามารถเข้าไปดู Website, Facebook เเละตำเเหน่งที่ตั้งในแผนที่ของคณะได้ที่นี่: \n[Website คณะ](https://sites.google.com/psu.ac.th/envipsu)\n[Facebook](https://www.facebook.com/PSU.Envi/)\n[แผนที่คณะการจัดการสิ่งเเวดล้อม](https://maps.app.goo.gl/yW1inRNgyWao4zy76)	Editorial	system_metadata_qna_edited_manually:true|navigation:faculty	[]	False	[]	116
การจัดการสิ่งแวดล้อม	คณะการจัดการสิ่งเเวดล้อมตั้งอยู่ข้างตึก BSc หรือ หอสมุดคุณหญิงหลง อยู่ด้านหลังตึกฟักทองของคณะวิทยาศาสตร์\nสามารถเข้าไปดู Website, Facebook เเละตำเเหน่งที่ตั้งในแผนที่ของคณะได้ที่นี่: \n[Website คณะ](https://sites.google.com/psu.ac.th/envipsu)\n[Facebook](https://www.facebook.com/PSU.Envi/)\n[แผนที่คณะการจัดการสิ่งเเวดล้อม](https://maps.app.goo.gl/yW1inRNgyWao4zy76)	Editorial	system_metadata_qna_edited_manually:true|navigation:faculty	[]	False	[]	116
การบริหารและการจัดการ	หมวดการบริหารและการจัดการ ประกอบด้วย 2 คณะ ดังนี้:\n- คณะวิทยาการจัดการ\n- คณะเศรษฐศาสตร์ 	Editorial	system_metadata_qna_edited_manually:true|navigation:faculty	[{"clusterHead":"คณะวิทยาการจัดการ","totalAutoSuggestedCount":2,"totalUserSuggestedCount":0,"alternateQuestionList":[{"question":"คณะวิทยาการจัดการ","autoSuggestedCount":2,"userSuggestedCount":0}]}]	False	[]	117
คณะการแพทย์แผนไทย	คณะการแพทย์แผนไทยตั้งอยู่ใกล้ถนนปุณณกัณฑ์ อยู่ใกล้กับวงเวียนใหญ่ที่ติดกับประตู 109 \nสามารถเข้าไปดู Website, Facebook เเละตำเเหน่งที่ตั้งในแผนที่ของคณะได้ที่นี่: \n[Website คณะ](https://www.ttmed.psu.ac.th/th/)\n[Facebook](https://www.facebook.com/ttmedpsu.official/?locale=th_TH)\n[แผนที่คณะ](https://maps.app.goo.gl/xV31kvKo9F4Ym6p18)	Editorial	system_metadata_qna_edited_manually:true|navigation:faculty	[]	False	[]	118
คณะทรัพยากรธรรมชาติ	คณะทรัพยากรธรรมชาติตั้งอยู่ด้านหลังของตึก BSC ใกล้กับวงเวียนใหญ่ตรงประตู 109\nสามารถเข้าไปดู Website, Facebook เเละตำเเหน่งที่ตั้งในแผนที่ของคณะได้ที่นี่: \n[Website คณะ](https://natres.psu.ac.th/main/?page_id=863)\n[Facebook](https://www.facebook.com/natural.psu/?locale=th_TH)\n[แผนที่คณะ](https://maps.app.goo.gl/FD2rA5HZdRoDpfn28)	Editorial	system_metadata_qna_edited_manually:true|navigation:faculty	[{"clusterHead":"ข้อมูลคณะ","totalAutoSuggestedCount":5,"totalUserSuggestedCount":0,"alternateQuestionList":[{"question":"ข้อมูลคณะ","autoSuggestedCount":5,"userSuggestedCount":0}]},{"clusterHead":"คณะ","totalAutoSuggestedCount":2,"totalUserSuggestedCount":0,"alternateQuestionList":[{"question":"คณะ","autoSuggestedCount":2,"userSuggestedCount":0}]}]	False	[]	119
คณะนิติศาสตร์	คณะนิติศาสตร์อยู่ระหว่างคณะศิลปศาสตร์เเละคณะเศรษฐศาสตร์ ใกล้กับสนามฟุตบอลใหญ่ของมหาวิทยาลัย\nสามารถเข้าไปดู Website, Facebook เเละตำเเหน่งที่ตั้งในแผนที่ ของคณะได้ที่นี่: \n[Website คณะ](https://law.psu.ac.th/)\n[Facebook](https://www.facebook.com/psulaw.official/?locale=th_TH)\n[แผนที่คณะ](https://maps.app.goo.gl/kYvuQLDHWvkxPosf7)	Editorial	system_metadata_qna_edited_manually:true|navigation:faculty	[]	False	[]	120
คณะพยาบาลศาสตร์	คณะพยาบาลศาสตร์อยู่ด้านหลังของโรงพยาบาลสงขลานครินทร์ ใกล้กับหอสมุดคุณหญิงหลง\nสามารถเข้าไปดู Website, Facebook เเละตำเเหน่งที่ตั้งในแผนที่ ของคณะได้ที่นี่: \n[Website คณะ](https://www.nur.psu.ac.th/nur/index.aspx)\n[Facebook](https://www.facebook.com/psu.nur/?locale=th_TH)\n[แผนที่คณะ](https://maps.app.goo.gl/esEpkYrxTgSRXYUXA)	Editorial	system_metadata_qna_edited_manually:true|navigation:faculty	[]	False	[]	121
คณะวิทยาการจัดการ	คณะวิทยาการจัดการตั้งอยู่ระหว่างโรงช้างเเละคณะศิลปศาสตร์\nสามารถเข้าไปดู Website, Facebook เเละตำเเหน่งที่ตั้งในแผนที่ ของคณะได้ที่นี่: \n[Website คณะ](https://www.fms.psu.ac.th/)\n[Facebook](https://www.facebook.com/fmspsu/?locale=th_TH)\n[แผนที่คณะ](https://maps.app.goo.gl/5R5uSvQcWLoinRQi9)	Editorial	system_metadata_qna_edited_manually:true|navigation:faculty	[{"clusterHead":"โรงช้าง","totalAutoSuggestedCount":1,"totalUserSuggestedCount":0,"alternateQuestionList":[{"question":"โรงช้าง","autoSuggestedCount":1,"userSuggestedCount":0}]},{"clusterHead":"คณะวิศวะ","totalAutoSuggestedCount":1,"totalUserSuggestedCount":0,"alternateQuestionList":[{"question":"คณะวิศวะ","autoSuggestedCount":1,"userSuggestedCount":0}]},{"clusterHead":"คณะ","totalAutoSuggestedCount":2,"totalUserSuggestedCount":0,"alternateQuestionList":[{"question":"คณะ","autoSuggestedCount":2,"userSuggestedCount":0}]},{"clusterHead":"คณะวิทยาการจัดการอยู่ตรงไหน","totalAutoSuggestedCount":1,"totalUserSuggestedCount":1,"alternateQuestionList":[{"question":"คณะวิทยาการจัดการอยู่ตรงไหน","autoSuggestedCount":1,"userSuggestedCount":1}]}]	False	[]	122
คณะวิทยาศาสตร์	คณะวิทยาศาสตร์อยู่ตรงข้ามกับธนาคารไทยพาณิชย์\nสามารถเข้าไปดู Website, Facebook เเละตำเเหน่งที่ตั้งในแผนที่ ของคณะได้ที่นี่: \n[Website คณะ](https://www.sci.psu.ac.th/)\n[Facebook](https://www.facebook.com/PsuSci/?locale=th_TH)\n[แผนที่คณะ](https://maps.app.goo.gl/VUid8EF8QYyzND187)	Editorial	navigation: faculty	[{"clusterHead":"คณะวิศวะ","totalAutoSuggestedCount":1,"totalUserSuggestedCount":0,"alternateQuestionList":[{"question":"คณะวิศวะ","autoSuggestedCount":1,"userSuggestedCount":0}]},{"clusterHead":"มหาวิทยาลัยมีคณะอะไรบ้าง","totalAutoSuggestedCount":1,"totalUserSuggestedCount":0,"alternateQuestionList":[{"question":"มหาวิทยาลัยมีคณะอะไรบ้าง","autoSuggestedCount":1,"userSuggestedCount":0}]},{"clusterHead":"ข้อมูลคณะ","totalAutoSuggestedCount":1,"totalUserSuggestedCount":0,"alternateQuestionList":[{"question":"ข้อมูลคณะ","autoSuggestedCount":1,"userSuggestedCount":0}]}]	False	[]	123
คณะศิลปศาสตร์	คณะศิลปศาสตร์ตั้งอยู่ตรงวงเวียนใกล้กับลานพระบิดา เเละอยู่ระหว่างคณะวิทยาการจัดการเเละคณะเศรษฐศาสตร์\nสามารถเข้าไปดู Website, Facebook เเละตำเเหน่งที่ตั้งในแผนที่ ของคณะได้ที่นี่: \n[Website คณะ](https://www.libarts.psu.ac.th/)\n[Facebook](https://www.facebook.com/LiberalArts.PSU/?locale=th_TH)\n[แผนที่คณะ](https://maps.app.goo.gl/rZFSe4UjHrUUr3sFA)\n	Editorial	system_metadata_qna_edited_manually:true|navigation:faculty	[{"clusterHead":"คณะวิทยาการจัดการ","totalAutoSuggestedCount":2,"totalUserSuggestedCount":0,"alternateQuestionList":[{"question":"คณะวิทยาการจัดการ","autoSuggestedCount":2,"userSuggestedCount":0}]}]	False	[]	124
คณะสัตวแพทยศาสตร์	คณะสัตวแพทยศาสตร์อยู่ใกล้กับวงเวียนประตู 109 และอยู่ตรงข้ามศูนย์อาหารศรีตรัง\nสามารถเข้าไปดู Website, Facebook เเละตำเเหน่งที่ตั้งในแผนที่ ของคณะได้ที่นี่: \n[Website คณะ](https://vet.psu.ac.th/main/)\n[Facebook](https://www.facebook.com/vetpsu.hdy/?locale=th_TH)\n[แผนที่คณะ](https://maps.app.goo.gl/DUZZbeqKCEg6fAbK9)	Editorial	system_metadata_qna_edited_manually:true|navigation:faculty	[]	False	[]	125
คณะอุตสาหกรรมเกษตร	คณะอุตสาหกรรมเกษตรอยู่ใกล้วงเวียนประตู 109 และคณะวิศวกรรมศาสตร์\nสามารถเข้าไปดู Website, Facebook เเละตำเเหน่งที่ตั้งในแผนที่ ของคณะได้ที่นี่: \n[Website คณะ](https://agro.psu.ac.th/agro6-en/)\n[Facebook](https://www.facebook.com/AgroPSU/?locale=th_TH)\n[แผนที่คณะ](https://maps.app.goo.gl/Ei3fk4zSGBtPr4Ev8)	Editorial	system_metadata_qna_edited_manually:true|navigation:faculty	[]	False	[]	126
Details To Be Added	ข้อมูลส่วนนี้กำลังอยู่ระหว่างการจัดทำ หากต้องการรายละเอียดเพิ่มเติมสามารถดูได้จากเว็บไซต์ทางการของมหาวิทยาลัย\n[Website มหาวิทยาลัย](https://psu.ac.th/)	Editorial	system_metadata_qna_edited_manually:true|navigation:office	[]	False	[]	127
Welcome	👋 สวัสดีครับ! ยินดีต้อนรับสู่ PSU Chatbot	Editorial	system_metadata_qna_edited_manually:true|category:welcome	[{"clusterHead":"👋 สวัสดีครับ ยินดีต้อนรับสู่ PSU Chatbot!\nคุณอยากดูข้อมูลเรื่องไหนครับ?\n\n- 📚 การเรียนและวิชาการ\n- 🏫 ข้อมูลคณะ\n- 💪 สิ่งอำนวยความสะดวก\n- ☎️ การติดต่อหน่วยงาน","totalAutoSuggestedCount":9,"totalUserSuggestedCount":0,"alternateQuestionList":[{"question":"👋 สวัสดีครับ ยินดีต้อนรับสู่ PSU Chatbot!\nคุณอยากดูข้อมูลเรื่องไหนครับ?\n\n- 📚 การเรียนและวิชาการ\n- 🏫 ข้อมูลคณะ\n- 💪 สิ่งอำนวยความสะดวก\n- ☎️ การติดต่อหน่วยงาน","autoSuggestedCount":9,"userSuggestedCount":0}]}]	False	[]	128
Hi	👋 สวัสดีครับ! ยินดีต้อนรับสู่ PSU Chatbot	Editorial	system_metadata_qna_edited_manually:true|category:welcome	[{"clusterHead":"👋 สวัสดีครับ ยินดีต้อนรับสู่ PSU Chatbot!\nคุณอยากดูข้อมูลเรื่องไหนครับ?\n\n- 📚 การเรียนและวิชาการ\n- 🏫 ข้อมูลคณะ\n- 💪 สิ่งอำนวยความสะดวก\n- ☎️ การติดต่อหน่วยงาน","totalAutoSuggestedCount":9,"totalUserSuggestedCount":0,"alternateQuestionList":[{"question":"👋 สวัสดีครับ ยินดีต้อนรับสู่ PSU Chatbot!\nคุณอยากดูข้อมูลเรื่องไหนครับ?\n\n- 📚 การเรียนและวิชาการ\n- 🏫 ข้อมูลคณะ\n- 💪 สิ่งอำนวยความสะดวก\n- ☎️ การติดต่อหน่วยงาน","autoSuggestedCount":9,"userSuggestedCount":0}]}]	False	[]	128
Hello	👋 สวัสดีครับ! ยินดีต้อนรับสู่ PSU Chatbot	Editorial	system_metadata_qna_edited_manually:true|category:welcome	[{"clusterHead":"👋 สวัสดีครับ ยินดีต้อนรับสู่ PSU Chatbot!\nคุณอยากดูข้อมูลเรื่องไหนครับ?\n\n- 📚 การเรียนและวิชาการ\n- 🏫 ข้อมูลคณะ\n- 💪 สิ่งอำนวยความสะดวก\n- ☎️ การติดต่อหน่วยงาน","totalAutoSuggestedCount":9,"totalUserSuggestedCount":0,"alternateQuestionList":[{"question":"👋 สวัสดีครับ ยินดีต้อนรับสู่ PSU Chatbot!\nคุณอยากดูข้อมูลเรื่องไหนครับ?\n\n- 📚 การเรียนและวิชาการ\n- 🏫 ข้อมูลคณะ\n- 💪 สิ่งอำนวยความสะดวก\n- ☎️ การติดต่อหน่วยงาน","autoSuggestedCount":9,"userSuggestedCount":0}]}]	False	[]	128
สวัสดี	👋 สวัสดีครับ! ยินดีต้อนรับสู่ PSU Chatbot	Editorial	system_metadata_qna_edited_manually:true|category:welcome	[{"clusterHead":"👋 สวัสดีครับ ยินดีต้อนรับสู่ PSU Chatbot!\nคุณอยากดูข้อมูลเรื่องไหนครับ?\n\n- 📚 การเรียนและวิชาการ\n- 🏫 ข้อมูลคณะ\n- 💪 สิ่งอำนวยความสะดวก\n- ☎️ การติดต่อหน่วยงาน","totalAutoSuggestedCount":9,"totalUserSuggestedCount":0,"alternateQuestionList":[{"question":"👋 สวัสดีครับ ยินดีต้อนรับสู่ PSU Chatbot!\nคุณอยากดูข้อมูลเรื่องไหนครับ?\n\n- 📚 การเรียนและวิชาการ\n- 🏫 ข้อมูลคณะ\n- 💪 สิ่งอำนวยความสะดวก\n- ☎️ การติดต่อหน่วยงาน","autoSuggestedCount":9,"userSuggestedCount":0}]}]	False	[]	128
การเรียนและวิชาการ	ข้อมูลด้านการเรียนของมหาวิทยาลัยมีหลายส่วนครับ เช่น วันเปิด-ปิดภาคเรียน วันลงทะเบียน การถอนรายวิชา และวันสอบ\nคุณสนใจข้อมูลด้านไหนครับ?"	Editorial	system_metadata_qna_edited_manually:true	[{"clusterHead":"ตารางเรียน","totalAutoSuggestedCount":1,"totalUserSuggestedCount":0,"alternateQuestionList":[{"question":"ตารางเรียน","autoSuggestedCount":1,"userSuggestedCount":0}]}]	False	[{"DisplayOrder":0,"QnaId":130,"Qna":null,"DisplayText":"วันเปิด-ปิดภาคเรียน"},{"DisplayOrder":0,"QnaId":90,"Qna":null,"DisplayText":"วันลงทะเบียนเรียน"},{"DisplayOrder":0,"QnaId":91,"Qna":null,"DisplayText":"การเพิ่ม-ถอนรายวิชา"},{"DisplayOrder":1,"QnaId":131,"Qna":null,"DisplayText":"วันสอบ"}]	129
วันเปิด-ปิดภาคเรียน	สำหรับวันเปิดภาคเรียนภาคการศึกษาที่ 2568 จะเริ่มเรียนในวันที่ 23 มิถุนายน พ.ศ. 2568 \nและสำหรับการปิดภาคเรียนของภาคการศึกษาที่ 2568 เป็นดังนี้ครับ:\n- ภาคการศึกษาที่ 1 จะปิดภาคการศึกษาตั้งแต่วันที่ 27 ตุลาคม 2568 \n- ภาคการศึกษาที่ 2 จะปิดภาคการศึกษาตั้งแต่วันที่ 21 มีนาคม 2569 \n- ภาคฤดูร้อนจะปิดตั้งแต่วันที่ 7 มิถุนายน 2569\nสามารถเข้าดูปฏิทินการศึกษาฉบับเต็มได้ที่: https://reg.psu.ac.th/calendar_education/\n	Editorial		[{"clusterHead":"การศึกษา","totalAutoSuggestedCount":1,"totalUserSuggestedCount":0,"alternateQuestionList":[{"question":"การศึกษา","autoSuggestedCount":1,"userSuggestedCount":0}]}]	False	[]	130
วันสอบ	ช่วงเวลาสอบกลางภาคของภาคการศึกษาที่ 1/2568 จะเริ่มตั้งเเต่วันที่ 16 – 24 สิงหาคม 2568 \n\nช่วงเวลาสอบปลายภาคของภาคการศึกษาที่ 1/2568 จะเริ่มตั้งเเต่ 11 – 24 ตุลาคม 2568\n\n[สามารถดูตารางสอบได้ที่นี่](https://sis.psu.ac.th/services/classes/exam/) \n\nขอให้โชคดีกับการสอบครับ!	Editorial	system_metadata_qna_edited_manually:true	[]	False	[]	131
ข้อมูลคณะ	มหาวิทยาลัยสงขลานครินทร์มีคณะหลากหลายครับ ✨\nคุณต้องการดู รายชื่อคณะทั้งหมด หรือ ตำแหน่งที่ตั้งของคณะ?	Editorial	system_metadata_qna_edited_manually:true	[]	False	[{"DisplayOrder":0,"QnaId":82,"Qna":null,"DisplayText":"📋รายชื่อคณะ"},{"DisplayOrder":0,"QnaId":114,"Qna":null,"DisplayText":"📍การนำทางไปยังคณะ"}]	132
การติดต่อหน่วยงาน	มหาวิทยาลัยสงขลานครินทร์มีหลายหน่วยงานให้ติดต่อ 📞\nเบื้องต้นสามารถติดต่อได้จากช่องทางดังนี้:\n\nกองพัฒนานักศึกษา : …\n\nงานทะเบียนและประมวลผล : …\n\nสำนักวิชาต่าง ๆ : …\n\nขณะนี้ข้อมูลการติดต่อยังไม่ครบถ้วน 🔄\nสามารถดูเพิ่มเติมได้จาก [เว็บไซต์หลักของมหาวิทยาลัย](https://psu.ac.th/)\n\nคุณสนใจติดต่อหน่วยงานใดครับ?	Editorial	system_metadata_qna_edited_manually:true	[]	False	[{"DisplayOrder":0,"QnaId":134,"Qna":null,"DisplayText":"งานทะเบียนและประมวลผล"},{"DisplayOrder":0,"QnaId":135,"Qna":null,"DisplayText":"กองกิจการนักศึกษา"},{"DisplayOrder":0,"QnaId":136,"Qna":null,"DisplayText":"ศูนย์คอมพิวเตอร์"}]	133
 งานทะเบียนและประมวลผล	ช่องทางการติดต่อของงานทะเบียนกำลังอยู่ระหว่างการพัฒนา ข้อมูลจะถูกเพิ่มในภายหลังครับ	Editorial	system_metadata_qna_edited_manually:true	[]	False	[]	134
กองกิจการนักศึกษา	ช่องทางการติดต่อของกองกิจการนักศึกษากำลังอยู่ระหว่างการพัฒนา	Editorial		[{"clusterHead":"การติดต่อหน่วยงาน","totalAutoSuggestedCount":4,"totalUserSuggestedCount":0,"alternateQuestionList":[{"question":"การติดต่อหน่วยงาน","autoSuggestedCount":4,"userSuggestedCount":0}]}]	False	[]	135
ศูนย์คอมพิวเตอร์	ข้อมูลการติดต่อศูนย์คอมพิวเตอร์จะถูกอัปเดตเร็ว ๆ นี้ครับ	Editorial		[]	False	[]	136
